<?xml version="1.0" encoding="UTF-8"?>
<project-private xmlns="http://www.netbeans.org/ns/project-private/1">
    <editor-bookmarks xmlns="http://www.netbeans.org/ns/editor-bookmarks/2" lastBookmarkId="0"/>
    <open-files xmlns="http://www.netbeans.org/ns/projectui-open-files/2">
        <group>
            <file>file:/D:/new%20data/Downloads/SBD_CRUD/Projek_GUI/src/projek/Pembeli.java</file>
            <file>file:/D:/new%20data/Downloads/SBD_CRUD/Projek_GUI/src/projek/Transaksi.java</file>
            <file>file:/D:/new%20data/Downloads/SBD_CRUD/Projek_GUI/src/projek/Pengirim.java</file>
            <file>file:/D:/new%20data/Downloads/SBD_CRUD/Projek_GUI/src/projek/Departemen.java</file>
            <file>file:/D:/new%20data/Downloads/SBD_CRUD/Projek_GUI/src/projek/mainApp.java</file>
            <file>file:/D:/new%20data/Downloads/SBD_CRUD/Projek_GUI/src/projek/Karyawan.java</file>
            <file>file:/D:/new%20data/Downloads/SBD_CRUD/Projek_GUI/src/projek/Manager.java</file>
            <file>file:/D:/new%20data/Downloads/SBD_CRUD/Projek_GUI/src/projek/Produk.java</file>
        </group>
    </open-files>
</project-private>
